{
  "welcomeMessage": "bienvenido a tu bitácora de Sueños. este es un cuaderno cósmico para tu Palabra, un espacio donde narrar es una forma de conocerse y crearse a sí mismo.",
  "emotionalSafety": "este es un refugio para tu pensamiento y tu sentir. lo que aquí inscribas forma parte de tu propio Relato simbólico, histórico y sensible. nos cuidamos con el respeto y la escucha atenta.",
  "symbolExplanation": "los Símbolos son formas de lenguaje que conectan nuestra experiencia con la Palabra. al reconocerlos, enriqueces tu diccionario personal y abres preguntas sobre el sentido de la Vida.",
  "studentRights": "la escritura es una invitación, no una obligación. si hoy no deseas escribir, tu presencia sigue siendo valiosa. puedes volver cuando lo sientas.",
  "languageLearningPurpose": "al narrar tus propios Sueños, aprendes a escribir tu Vida. el lenguaje es la herramienta con la que construimos nuestra voz en el mundo.",
  "planetCareMessage": "nuestra Palabra está conectada con la Tierra que habitamos. al cuidar lo que decimos y honrar nuestro linaje, también protegemos la Vida de todos los seres vivos."
}